"","Player","Pick","Position","PosRank","FinalScore","Team"
"1","Nikola Jokic",41,"C",1,3.41820385799064,"DEN"
"2","Hassan Whiteside",33,"C",2,1.48528068208101,"SAC"
"3","Marc Gasol",48,"C",3,1.3539547339795,"LAL"
"4","Joel Embiid",3,"C",4,1.09965881014068,"PHI"
"5","Rudy Gobert",27,"C",5,0.8629156318217,"DEN"
"6","Mehmet Okur",38,"C",6,0.774327100002945,"DET"
"7","Al Jefferson",15,"C",7,0.768390046583511,"BOS"
"8","Clint Capela",25,"C",8,0.740787855021545,"HOU"
"9","Andray Blatche",49,"C",9,0.733260710923699,"WAS"
"10","DeAndre Jordan",35,"C",10,0.520756876070802,"LAC"
"11","DeMarcus Cousins",5,"C",11,0.50555040113714,"SAC"
"12","Myles Turner",11,"C",12,0.432699709831348,"IND"
"13","Jusuf Nurkic",16,"C",13,0.374977836959058,"CHI"
"14","Jermaine O'Neal",17,"C",14,0.29586692455433,"POR"
"15","Zydrunas Ilgauskas",20,"C",15,0.262284400034557,"CLE"
"16","Karl-Anthony Towns",1,"C",16,0.243016596410151,"MIN"
"17","Steven Adams",12,"C",17,0.201894957915669,"OKC"
"18","LaMarcus Aldridge",2,"C",18,0.0520980349098634,"CHI"
"19","Predrag Drobnjak",49,"C",19,0.0264966376793982,"WAS"
"20","Kyle O'Quinn",49,"C",20,0.0203622990805816,"ORL"
"21","Ronald Murray",42,"C",21,-0.091496485871565,"MIL"
"22","Willy Hernangomez",35,"C",22,-0.0927626062662399,"PHI"
"23","Mark Blount",55,"C",23,-0.218822034370292,"OKC"
"24","Nikola Pekovic",31,"C",24,-0.223770012262149,"MIN"
"25","Omer Asik",36,"C",25,-0.235478101696994,"POR"
"26","Roy Hibbert",17,"C",26,-0.302707988975027,"TOR"
"27","Brook Lopez",10,"C",27,-0.378156975935535,"NJN"
"28","DeJuan Blair",37,"C",28,-0.392300883777828,"SAS"
"29","J.J. Hickson",19,"C",29,-0.440206314839846,"CLE"
"30","Nazr Mohammed",29,"C",30,-0.448218250030574,"UTA"
"31","Zaza Pachulia",42,"C",31,-0.497019107305435,"ORL"
"32","Tiago Splitter",28,"C",32,-0.547654919000653,"SAS"
"33","Ronny Turiaf",37,"C",33,-0.55225960602286,"LAL"
"34","Jarron Collins",53,"C",34,-0.599153540542679,"UTA"
"35","Joffrey Lauvergne",55,"C",35,-0.63307208032602,"MEM"
"36","Samuel Dalembert",26,"C",36,-0.633658165655867,"PHI"
"37","Ryan Hollins",50,"C",37,-0.675748692506591,"CHA"
"38","Marcin Gortat",57,"C",38,-0.678987821370465,"PHO"
"39","Aaron Gray",49,"C",39,-0.708098979882131,"CHI"
"40","Jared Sullinger",21,"C",40,-0.735630160844174,"BOS"
"41","Amir Johnson",56,"C",41,-0.736310344254721,"DET"
"42","Pau Gasol",3,"C",42,-0.751762625951447,"ATL"
"43","Bryant Reeves",6,"C",43,-0.800084756911398,"MEM"
"44","Jake Voskuhl",33,"C",44,-0.806199550467484,"CHI"
"45","David Harrison",29,"C",45,-0.853771041759293,"IND"
"46","Festus Ezeli",30,"C",46,-0.870419625409508,"GSW"
"47","Boris Diaw",21,"C",47,-0.874998627064917,"ATL"
"48","Jamaal Magloire",19,"C",48,-0.888631291877268,"CHA"
"49","Travis Knight",29,"C",49,-0.8908516629422,"CHI"
"50","Vitaly Potapenko",12,"C",50,-0.893574558451487,"CLE"
"51","Andre Drummond",9,"C",51,-0.906619264662597,"DET"
"52","Dan Gadzuric",34,"C",52,-0.910602326875783,"MIL"
"53","Andrew DeClercq",34,"C",53,-0.913342011783173,"GSW"
"54","Jerome James",36,"C",54,-0.929762417488737,"SAC"
"55","Nenad Krstic",24,"C",55,-0.944901461138486,"NJN"
"56","Andris Biedrins",11,"C",56,-0.945170682199732,"GSW"
"57","Jonas Valanciunas",5,"C",57,-0.983473404999172,"TOR"
"58","Brendan Haywood",20,"C",58,-0.993189356545638,"CLE"
"59","Etan Thomas",12,"C",59,-0.99609826187412,"DAL"
"60","Joey Dorsey",33,"C",60,-1.00079623730628,"POR"
"61","Rasho Nesterovic",17,"C",61,-1.00951107392052,"MIN"
"62","Andrew Bynum",10,"C",62,-1.02361507780551,"LAL"
"63","Robin Lopez",15,"C",63,-1.02730616586555,"PHO"
"64","Chris Kaman",6,"C",64,-1.02778944225359,"LAC"
"65","Wang Zhizhi",36,"C",65,-1.04684417625001,"DAL"
"66","Mark Pope",52,"C",66,-1.05744569471681,"IND"
"67","Theo Ratliff",18,"C",67,-1.06921731638508,"DET"
"68","Todd MacCulloch",47,"C",68,-1.07017546106896,"PHI"
"69","Daniel Orton",29,"C",69,-1.09165177752326,"ORL"
"70","Greg Ostertag",28,"C",70,-1.10515992863162,"UTA"
"71","Justin Hamilton",45,"C",71,-1.12027929061641,"PHI"
"72","Marcus Camby",2,"C",72,-1.12769002252395,"TOR"
"73","Yao Ming",1,"C",73,-1.13780431867361,"HOU"
"74","Joel Freeland",30,"C",74,-1.14699999058377,"POR"
"75","Kendrick Perkins",27,"C",75,-1.16965832004981,"MEM"
"76","Melvin Ely",12,"C",76,-1.17988983942669,"LAC"
"77","Larry Sanders",15,"C",77,-1.19076713030221,"MIL"
"78","Calvin Booth",35,"C",78,-1.20171082471805,"WAS"
"79","JaVale McGee",18,"C",79,-1.20472260240148,"WAS"
"80","Michael Doleac",12,"C",80,-1.22266602946805,"ORL"
"81","Ian Mahinmi",28,"C",81,-1.23615458744436,"SAS"
"82","Ruben Boumtje-Boumtje",50,"C",82,-1.24189448961682,"POR"
"83","Primoz Brezec",27,"C",83,-1.24329983643143,"IND"
"84","Evan Eschmeyer",34,"C",84,-1.24754328675281,"NJN"
"85","Jordan Mickey",33,"C",85,-1.25013769376911,"BOS"
"86","Matt Bonner",45,"C",86,-1.25752289682314,"CHI"
"87","Amal McCaskill",49,"C",87,-1.2639399680928,"ORL"
"88","Emeka Okafor",2,"C",88,-1.2642948213042,"CHA"
"89","Bernard James",33,"C",89,-1.29136429074944,"CLE"
"90","Kosta Koufos",23,"C",90,-1.32271378490982,"UTA"
"91","Robert Swift",12,"C",91,-1.36854908882035,"OKC"
"92","Jahidi White",43,"C",92,-1.37411459132744,"WAS"
"93","Johan Petro",25,"C",93,-1.39131305732187,"OKC"
"94","Willie Cauley-Stein",6,"C",94,-1.42525793670777,"SAC"
"95","Jake Tsakalidis",25,"C",95,-1.44637478563119,"PHO"
"96","Miles Plumlee",26,"C",96,-1.45709914022774,"IND"
"97","Al Horford",3,"C",97,-1.46586181392554,"ATL"
"98","Dwight Howard",1,"C",98,-1.46710346476304,"ORL"
"99","Byron Mullens",24,"C",99,-1.47619864982346,"DAL"
"100","Kelvin Cato",15,"C",100,-1.47935094291577,"DAL"
"101","Alexis Ajinca",20,"C",101,-1.50410706277978,"CHA"
"102","Scot Pollard",19,"C",102,-1.50598515643206,"DET"
"103","Paul Davis",34,"C",103,-1.55194811784892,"LAC"
"104","Dexter Pittman",32,"C",104,-1.59496187023859,"MIA"
"105","Gorgui Dieng",21,"C",105,-1.63546233821416,"UTA"
"106","Chris Anstey",18,"C",106,-1.70836963257069,"POR"
"107","Jeff Withey",39,"C",107,-1.71723373216842,"POR"
"108","Kurt Thomas",10,"C",108,-1.7270105671722,"MIA"
"109","Vladimir Stepania",27,"C",109,-1.73561218366018,"OKC"
"110","Nerlens Noel",6,"C",110,-1.76274420595843,"NOH"
"111","Keon Clark",13,"C",111,-1.77528226266254,"ORL"
"112","Bruno Sundov",35,"C",112,-1.78453641105859,"DAL"
"113","George Zidek",22,"C",113,-1.79790210286942,"CHA"
"114","Jason Collins",18,"C",114,-1.85718603476155,"HOU"
"115","Mamadou N'Diaye",26,"C",115,-1.86839458564533,"DEN"
"116","Mario Bennett",27,"C",116,-1.87079289106749,"PHO"
"117","Erick Dampier",10,"C",117,-1.88645210794259,"IND"
"118","Jason Collier",15,"C",118,-1.90227833922988,"MIL"
"119","Danny Fortson",10,"C",119,-1.90878315133897,"MIL"
"120","Jabari Smith",45,"C",120,-1.931928657683,"SAC"
"121","Kyrylo Fesenko",38,"C",121,-1.95184559840592,"PHI"
"122","Tyson Chandler",2,"C",122,-1.95328372260561,"LAC"
"123","John Thomas",25,"C",123,-1.969670154233,"NYK"
"124","Steven Hunter",15,"C",124,-1.97247427424527,"ORL"
"125","Brian Cook",24,"C",125,-1.9855236874556,"LAL"
"126","Cole Aldrich",11,"C",126,-2.01449442075543,"NOH"
"127","Olumide Oyedeji",42,"C",127,-2.08467161894925,"OKC"
"128","Loren Meyer",24,"C",128,-2.08597231459405,"DAL"
"129","Todd Fuller",11,"C",129,-2.1196678021909,"GSW"
"130","Ed Davis",13,"C",130,-2.13671892996981,"TOR"
"131","Lucas Nogueira",16,"C",131,-2.14460255515071,"BOS"
"132","Sean May",13,"C",132,-2.24063745962476,"CHA"
"133","Andrew Bogut",1,"C",133,-2.3208424542875,"MIL"
"134","Adonal Foyle",8,"C",134,-2.39591518356031,"GSW"
"135","Francisco Elson",41,"C",135,-2.42568028958539,"DEN"
"136","Andrea Bargnani",1,"C",136,-2.4666513361979,"TOR"
"137","Eddy Curry",4,"C",137,-2.50105039114261,"CHI"
"138","Alex Len",5,"C",138,-2.54507610885392,"PHO"
"139","Dalibor Bagaric",24,"C",139,-2.55469190846087,"CHI"
"140","Tristan Thompson",4,"C",140,-2.59092647751673,"CLE"
"141","Eddie Griffin",7,"C",141,-2.61881658753135,"NJN"
"142","Hamady N'Diaye",56,"C",142,-2.62558948053569,"MIN"
"143","Loren Woods",46,"C",143,-2.62619045912898,"MIN"
"144","Enes Freedom",3,"C",144,-2.6766985590457,"UTA"
"145","Tony Battie",5,"C",145,-2.75002828447492,"DEN"
"146","Darko Milicic",2,"C",146,-2.76774006330028,"DET"
"147","Ekpe Udoh",6,"C",147,-2.77847634763575,"GSW"
"148","Raef LaFrentz",3,"C",148,-2.78735305303674,"DEN"
"149","Chris Mihm",7,"C",149,-2.87766124708679,"CHI"
"150","DeSagana Diop",8,"C",150,-2.89403294389426,"CLE"
"151","Rafael Araujo",8,"C",151,-3.02828668860532,"TOR"
"152","Bismack Biyombo",7,"C",152,-3.03917602512757,"SAC"
"153","Joel Przybilla",9,"C",153,-3.09280091091794,"HOU"
"154","Jahlil Okafor",3,"C",154,-3.14573295775641,"PHI"
"155","Shelden Williams",5,"C",155,-3.16612898125907,"ATL"
"156","Robert Sacre",60,"C",156,-3.24989916175254,"LAL"
"157","Michael Olowokandi",1,"C",157,-3.34341096011184,"LAC"
"158","Greg Oden",1,"C",158,-3.47141718971016,"POR"
"159","Mouhamed Sene",10,"C",159,-3.55592374612624,"OKC"
"160","Kwame Brown",1,"C",160,-3.66575410429317,"WAS"
"161","Hasheem Thabeet",2,"C",161,-3.77135433033191,"MEM"
"162","Patrick O'Bryant",9,"C",162,-3.97613119363899,"GSW"
"163","Giannis Antetokounmpo",15,"F",1,5.14534326139764,"MIL"
"164","LeBron James",1,"F",2,4.2289675322445,"CLE"
"165","Kevin Durant",2,"F",3,4.2104899244112,"OKC"
"166","Kawhi Leonard",15,"F",4,3.30193611215794,"IND"
"167","Khris Middleton",39,"F",5,3.10502175239474,"DET"
"168","Carlos Boozer",35,"F",6,3.00575425879862,"CLE"
"169","Nikola Vucevic",16,"F",7,2.70483607058193,"PHI"
"170","Paul George",10,"F",8,2.59325978394163,"IND"
"171","Josh Howard",29,"F",9,2.41214916564228,"DAL"
"172","David Lee",30,"F",10,2.39518109464021,"NYK"
"173","Draymond Green",35,"F",11,2.3925911528112,"GSW"
"174","Rashard Lewis",32,"F",12,2.34993347098296,"OKC"
"175","Tobias Harris",19,"F",13,2.33792737915737,"CHA"
"176","Dennis Schroder",17,"F",14,2.30262661418559,"ATL"
"177","Paul Pierce",10,"F",15,2.28260904974774,"BOS"
"178","Zach Randolph",19,"F",16,2.27693241558727,"POR"
"179","Josh Smith",17,"F",17,2.17894364937436,"ATL"
"180","Anthony Davis",1,"F",18,2.11228134951686,"NOH"
"181","Danny Granger",17,"F",19,2.06000057071655,"IND"
"182","Stephen Jackson",43,"F",20,1.99132853967257,"PHO"
"183","Antoine Walker",6,"F",21,1.96521064650232,"BOS"
"184","Kevin Garnett",5,"F",22,1.87709736891508,"MIN"
"185","Dirk Nowitzki",9,"F",23,1.86320456945033,"MIL"
"186","Paul Millsap",47,"F",24,1.84841023573139,"UTA"
"187","Chandler Parsons",38,"F",25,1.70552145371053,"HOU"
"188","Julius Randle",7,"F",26,1.67908697345007,"LAL"
"189","Ryan Gomes",50,"F",27,1.65519690972762,"BOS"
"190","Peja Stojakovic",14,"F",28,1.63353822725209,"SAC"
"191","Montrezl Harrell",32,"F",29,1.5736788514339,"HOU"
"192","Bojan Bogdanovic",31,"F",30,1.51044245644629,"MIA"
"193","Al Harrington",25,"F",31,1.44099538676335,"IND"
"194","Jerami Grant",39,"F",32,1.42521040965432,"PHI"
"195","David West",18,"F",33,1.39588774658478,"NOH"
"196","Thaddeus Young",12,"F",34,1.35551145216719,"PHI"
"197","Gerald Wallace",25,"F",35,1.28469865509231,"SAC"
"198","Carmelo Anthony",3,"F",36,1.2834988219824,"DEN"
"199","Metta World Peace",16,"F",37,1.24672390444325,"CHI"
"200","Bobby Portis",22,"F",38,1.19766505480185,"CHI"
"201","Ersan Ilyasova",36,"F",39,1.15753021747249,"MIL"
"202","Rudy Gay",8,"F",40,1.07542220556555,"HOU"
"203","Wilson Chandler",23,"F",41,1.06341975429502,"NYK"
"204","Kenneth Faried",22,"F",42,1.01702007218348,"DEN"
"205","Blake Griffin",1,"F",43,1.00670329932356,"LAC"
"206","Luis Scola",56,"F",44,0.982027816361697,"SAS"
"207","Andrei Kirilenko",24,"F",45,0.974003921570599,"UTA"
"208","Kristaps Porzingis",4,"F",46,0.964552132751732,"NYK"
"209","Tim Duncan",1,"F",47,0.957451057237614,"SAS"
"210","Amar'e Stoudemire",9,"F",48,0.932468883142817,"PHO"
"211","Dario Saric",12,"F",49,0.930377780470956,"ORL"
"212","Tayshaun Prince",23,"F",50,0.925418651861375,"DET"
"213","Nikola Mirotic",23,"F",51,0.87673820043656,"HOU"
"214","Chris Bosh",4,"F",52,0.84743113815254,"TOR"
"215","Kevin Love",5,"F",53,0.837501921404476,"MEM"
"216","Kyle Anderson",30,"F",54,0.821608042288942,"SAS"
"217","Jae Crowder",34,"F",55,0.808369070273466,"CLE"
"218","Corey Maggette",13,"F",56,0.80746627062023,"OKC"
"219","Ricky Davis",21,"F",57,0.793427296571615,"CHA"
"220","Kelly Oubre Jr.",15,"F",58,0.768032354396893,"ATL"
"221","T.J. Warren",14,"F",59,0.761615501681403,"PHO"
"222","Hedo Turkoglu",16,"F",60,0.744477463952044,"SAC"
"223","Brandon Bass",33,"F",61,0.728793417820281,"NOH"
"224","Darius Songaila",50,"F",62,0.697543161411887,"BOS"
"225","Gordon Hayward",9,"F",63,0.675925149102023,"UTA"
"226","Danilo Gallinari",6,"F",64,0.663221657598862,"NYK"
"227","Mason Plumlee",22,"F",65,0.651175298162566,"NJN"
"228","Marcus Thornton",43,"F",66,0.583406141109018,"MIA"
"229","C.J. Miles",34,"F",67,0.582901547933127,"UTA"
"230","Trevor Ariza",43,"F",68,0.58064822068813,"NYK"
"231","Richaun Holmes",37,"F",69,0.579612811204469,"PHI"
"232","Nemanja Bjelica",35,"F",70,0.551689188292584,"WAS"
"233","James Ennis III",50,"F",71,0.549957853362533,"ATL"
"234","Kenny Thomas",22,"F",72,0.540767599322857,"HOU"
"235","Chase Budinger",44,"F",73,0.511871705118315,"DET"
"236","Rasual Butler",53,"F",74,0.506585337113691,"MIA"
"237","Anderson Varejao",30,"F",75,0.45115674999921,"ORL"
"238","Serge Ibaka",24,"F",76,0.43662786540855,"OKC"
"239","Antawn Jamison",4,"F",77,0.423051289947161,"TOR"
"240","Caron Butler",10,"F",78,0.416766624831538,"MIA"
"241","John Salmons",26,"F",79,0.416586300228965,"SAS"
"242","Jason Thompson",12,"F",80,0.399569620511318,"SAC"
"243","Matt Harpring",15,"F",81,0.387933438140275,"ORL"
"244","Ruben Patterson",31,"F",82,0.382099808265911,"LAL"
"245","Bobby Simmons",42,"F",83,0.352229409477131,"OKC"
"246","Keith Van Horn",2,"F",84,0.318792154251288,"PHI"
"247","Craig Smith",36,"F",85,0.311421270581089,"MIN"
"248","Ron Mercer",6,"F",86,0.27859030242276,"BOS"
"249","Glen Davis",35,"F",87,0.275462659212421,"OKC"
"250","Lavoy Allen",50,"F",88,0.253203204217794,"PHI"
"251","Rondae Hollis-Jefferson",23,"F",89,0.237995587274947,"POR"
"252","Rodney Buford",53,"F",90,0.196244251143021,"MIA"
"253","Terrence Jones",18,"F",91,0.191261408181778,"HOU"
"254","Shareef Abdur-Rahim",3,"F",92,0.190725600237046,"MEM"
"255","Troy Murphy",14,"F",93,0.18414025542862,"GSW"
"256","Quentin Richardson",18,"F",94,0.17341074794529,"LAC"
"257","P.J. Tucker",35,"F",95,0.172011764275398,"TOR"
"258","Al Thornton",14,"F",96,0.145005339777424,"LAC"
"259","Josh McRoberts",37,"F",97,0.106345446194119,"POR"
"260","Cedi Osman",31,"F",98,0.105758975101944,"MIN"
"261","Vladimir Radmanovic",12,"F",99,0.105512830389359,"OKC"
"262","Trenton Hassell",30,"F",100,0.0853692377634645,"CHI"
"263","Andrew Wiggins",1,"F",101,0.0786291387619187,"CLE"
"264","Carl Landry",31,"F",102,0.0745956001168917,"OKC"
"265","Kyle Singler",33,"F",103,0.0670575236208861,"DET"
"266","Othella Harrington",30,"F",104,0.0499729874302237,"HOU"
"267","Luol Deng",7,"F",105,0.020939254381287,"PHO"
"268","Kevon Looney",30,"F",106,0.0109999737182265,"GSW"
"269","Lamar Odom",4,"F",107,0.00270963616862385,"LAC"
"270","Larry Nance Jr.",27,"F",108,-0.0105526395631026,"LAL"
"271","Dorell Wright",19,"F",109,-0.0242169220440411,"MIA"
"272","Cedric Henderson",45,"F",110,-0.0274718661401971,"CLE"
"273","Richard Jefferson",13,"F",111,-0.0300461835167054,"HOU"
"274","Jabari Parker",2,"F",112,-0.0346203290917861,"MIL"
"275","Leon Powe",49,"F",113,-0.0363708341452234,"DEN"
"276","Malik Rose",44,"F",114,-0.04249591193408,"CHA"
"277","Trey Lyles",12,"F",115,-0.0465552770763629,"UTA"
"278","Dante Cunningham",33,"F",116,-0.0508306175981159,"POR"
"279","DeMarre Carroll",27,"F",117,-0.0692586076705903,"MEM"
"280","Luke Walton",32,"F",118,-0.071026709989511,"LAL"
"281","Jerry Stackhouse",3,"F",119,-0.0732390656685062,"PHI"
"282","Chris Crawford",51,"F",120,-0.0793274292777659,"ATL"
"283","Mike Muscala",44,"F",121,-0.083360223504116,"DAL"
"284","Hakim Warrick",19,"F",122,-0.0906408345419143,"MEM"
"285","Maurice Taylor",14,"F",123,-0.100305528342945,"LAC"
"286","Jared Dudley",22,"F",124,-0.10099152442,"CHA"
"287","Marc Jackson",38,"F",125,-0.109940563147346,"GSW"
"288","D.J. White",29,"F",126,-0.12798365169855,"DET"
"289","Luc Mbah a Moute",37,"F",127,-0.129115698038563,"MIL"
"290","Taj Gibson",26,"F",128,-0.137157752527403,"CHI"
"291","Davis Bertans",42,"F",129,-0.194577685562767,"IND"
"292","James Posey",18,"F",130,-0.198857365516768,"DEN"
"293","Ryan Anderson",21,"F",131,-0.226485676257281,"NJN"
"294","Lance Stephenson",40,"F",132,-0.231378274062882,"IND"
"295","Sam Young",36,"F",133,-0.248163975376513,"MEM"
"296","Elton Brand",1,"F",134,-0.307428695065734,"CHI"
"297","Austin Croshere",12,"F",135,-0.330051444195285,"IND"
"298","Kelly Olynyk",13,"F",136,-0.36176386321517,"DAL"
"299","Linas Kleiza",27,"F",137,-0.367340592987048,"POR"
"300","Lee Nailon",43,"F",138,-0.373037476819473,"CHA"
"301","Gary Trent",11,"F",139,-0.373042040315648,"MIL"
"302","Travis Outlaw",23,"F",140,-0.385487917318624,"POR"
"303","Aaron Gordon",4,"F",141,-0.38939748537654,"ORL"
"304","Greg Monroe",7,"F",142,-0.40631532950898,"DET"
"305","James Johnson",16,"F",143,-0.432727760585917,"CHI"
"306","Brian Cardinal",44,"F",144,-0.433889643114132,"DET"
"307","Rasheed Wallace",4,"F",145,-0.440695921419978,"WAS"
"308","Omri Casspi",23,"F",146,-0.441469653744482,"SAC"
"309","Jelani McCoy",33,"F",147,-0.44698731688358,"OKC"
"310","Harrison Barnes",7,"F",148,-0.459887450226127,"GSW"
"311","Nick Collison",12,"F",149,-0.460406184046663,"OKC"
"312","Sonny Weems",39,"F",150,-0.476099666244601,"CHI"
"313","Doug McDermott",11,"F",151,-0.477994187710667,"DEN"
"314","DeShawn Stevenson",23,"F",152,-0.51410829141776,"UTA"
"315","Dwight Powell",45,"F",153,-0.520658453574125,"CHA"
"316","Donatas Motiejunas",20,"F",154,-0.561148281092573,"MIN"
"317","K.J. McDaniels",32,"F",155,-0.57285183441214,"PHI"
"318","Trevor Booker",23,"F",156,-0.573294976071316,"MIN"
"319","Matt Barnes",46,"F",157,-0.576843106962498,"MEM"
"320","Mickael Pietrus",11,"F",158,-0.585844181858332,"GSW"
"321","Antonio McDyess",2,"F",159,-0.619711035193344,"LAC"
"322","Tariq Abdul-Wahad",11,"F",160,-0.620017676745257,"SAC"
"323","Quincy Acy",37,"F",161,-0.620066692298792,"TOR"
"324","Don Reid",58,"F",162,-0.639001867103199,"DET"
"325","Jason Caffey",20,"F",163,-0.640104063907819,"CHI"
"326","Jonas Jerebko",39,"F",164,-0.642852507635284,"DET"
"327","Jumaine Jones",27,"F",165,-0.663341567592882,"ATL"
"328","Pat Garrity",19,"F",166,-0.664441125608396,"MIL"
"329","Eric Williams",14,"F",167,-0.673769436078852,"BOS"
"330","Ryan Kelly",48,"F",168,-0.676529210302373,"LAL"
"331","Roshown McLeod",20,"F",169,-0.680126222845125,"ATL"
"332","Jerome Williams",26,"F",170,-0.680440866708786,"DET"
"333","Corliss Williamson",13,"F",171,-0.731515399126312,"SAC"
"334","Donnell Harvey",22,"F",172,-0.748928482743396,"NYK"
"335","Tyler Zeller",17,"F",173,-0.749138145132839,"DAL"
"336","Markieff Morris",13,"F",174,-0.753417331964232,"PHO"
"337","Michael Beasley",2,"F",175,-0.753498024617768,"MIA"
"338","John Henson",14,"F",176,-0.758013685126182,"MIL"
"339","Ronnie Brewer",14,"F",177,-0.768165653319344,"UTA"
"340","Marreese Speights",16,"F",178,-0.781784140466008,"PHI"
"341","Joakim Noah",9,"F",179,-0.810376773434908,"CHI"
"342","Henry Walker",47,"F",180,-0.82318977200635,"WAS"
"343","Alan Henderson",16,"F",181,-0.830260890459879,"ATL"
"344","Jeff Green",5,"F",182,-0.832989439552783,"BOS"
"345","Alando Tucker",29,"F",183,-0.849027774339659,"PHO"
"346","Mike Scott",43,"F",184,-0.850526195163179,"ATL"
"347","Lonny Baxter",44,"F",185,-0.850552597661762,"CHI"
"348","Donte Greene",28,"F",186,-0.851747091261254,"MEM"
"349","Darrell Arthur",27,"F",187,-0.85526025064228,"NOH"
"350","Justise Winslow",10,"F",188,-0.866706312576238,"MIA"
"351","Steve Novak",32,"F",189,-0.873226403588216,"HOU"
"352","Shane Battier",6,"F",190,-0.873557041190488,"MEM"
"353","Xavier Henry",12,"F",191,-0.876394522536975,"MEM"
"354","John Wallace",18,"F",192,-0.882307584182554,"NYK"
"355","Josh Childress",6,"F",193,-0.88648706594864,"ATL"
"356","Spencer Hawes",10,"F",194,-0.907659598409124,"SAC"
"357","Solomon Hill",23,"F",195,-0.915576050461547,"IND"
"358","Maurice Harkless",15,"F",196,-0.91566738857672,"PHI"
"359","Solomon Jones",33,"F",197,-0.94055440309535,"ATL"
"360","Eduardo Najera",38,"F",198,-0.948068867320108,"HOU"
"361","Roy Rogers",22,"F",199,-0.96222947001311,"MEM"
"362","Chris McCullough",29,"F",200,-0.96266145657131,"NJN"
"363","Bostjan Nachbar",15,"F",201,-0.963426333068239,"HOU"
"364","Jason Smith",20,"F",202,-0.966708006282439,"MIA"
"365","Tremaine Fowlkes",54,"F",203,-0.968783005654492,"DEN"
"366","Brian Skinner",22,"F",204,-0.979613649751216,"LAC"
"367","Anthony Brown",34,"F",205,-0.981591736815522,"LAL"
"368","Viktor Khryapa",22,"F",206,-0.983308254034254,"NJN"
"369","Jarell Martin",25,"F",207,-0.996657207624518,"MEM"
"370","Cherokee Parks",12,"F",208,-1.02306013595514,"DAL"
"371","Jeremy Evans",55,"F",209,-1.03601760849318,"UTA"
"372","Darnell Jackson",52,"F",210,-1.03890060473711,"MIA"
"373","Maceo Baston",58,"F",211,-1.0424510261714,"CHI"
"374","Channing Frye",8,"F",212,-1.04422183225232,"NYK"
"375","Terence Morris",34,"F",213,-1.06419638219622,"ATL"
"376","Walter McCarty",19,"F",214,-1.06721960957769,"NYK"
"377","Jason Kapono",31,"F",215,-1.06815650730432,"CLE"
"378","Jiri Welsch",16,"F",216,-1.08402553192001,"PHI"
"379","Brian Scalabrine",35,"F",217,-1.0911278452645,"NJN"
"380","Devean George",23,"F",218,-1.09605176147161,"LAL"
"381","Jamie Feick",48,"F",219,-1.09916743535567,"PHI"
"382","Jason Maxiell",26,"F",220,-1.09992693570355,"DET"
"383","Andrew Nicholson",19,"F",221,-1.10401243393881,"ORL"
"384","Ansu Sesay",30,"F",222,-1.11288072428808,"DAL"
"385","Thanasis Antetokounmpo",51,"F",223,-1.12956462949357,"NYK"
"386","Maciej Lampe",30,"F",224,-1.14072218398895,"NYK"
"387","Sean Marks",44,"F",225,-1.14578008940715,"NYK"
"388","Kirk Snyder",16,"F",226,-1.15234832160372,"UTA"
"389","Meyers Leonard",11,"F",227,-1.15800219492734,"POR"
"390","Kevin Seraphin",17,"F",228,-1.16381580579943,"CHI"
"391","Obinna Ekezie",37,"F",229,-1.16796783882121,"MEM"
"392","Mark Madsen",29,"F",230,-1.17082921147825,"LAL"
"393","Patrick Patterson",14,"F",231,-1.17943749390808,"HOU"
"394","Anthony Randolph",14,"F",232,-1.17995132187806,"GSW"
"395","Jared Jeffries",11,"F",233,-1.19479591655648,"WAS"
"396","Josh Boone",23,"F",234,-1.19733884529549,"NJN"
"397","Marvin Williams",2,"F",235,-1.19822711818282,"ATL"
"398","Shawne Williams",17,"F",236,-1.21944647971878,"IND"
"399","Kris Humphries",14,"F",237,-1.22227320203745,"UTA"
"400","Lazar Hayward",30,"F",238,-1.22521157336231,"WAS"
"401","Tim Thomas",7,"F",239,-1.22682088356031,"NJN"
"402","Al-Farouq Aminu",8,"F",240,-1.22983095909188,"LAC"
"403","Kaniel Dickens",50,"F",241,-1.23825794659642,"UTA"
"404","Jordan Hill",8,"F",242,-1.25887135934657,"NYK"
"405","Alton Ford",51,"F",243,-1.26148644542143,"PHO"
"406","Ryan Bowen",55,"F",244,-1.27299849601347,"DEN"
"407","Quincy Miller",38,"F",245,-1.28046999424539,"DEN"
"408","DaJuan Summers",35,"F",246,-1.29006279428745,"DET"
"409","Mickael Gelabale",48,"F",247,-1.29935708944142,"OKC"
"410","Martell Webster",6,"F",248,-1.30806788155577,"POR"
"411","Chris Wilcox",8,"F",249,-1.31219560558677,"LAC"
"412","Charles Smith",26,"F",250,-1.31280563371541,"MIA"
"413","Scott Padgett",28,"F",251,-1.31409678839815,"UTA"
"414","Antoine Wright",15,"F",252,-1.3518221490725,"NJN"
"415","Sam Dekker",18,"F",253,-1.3527480370843,"HOU"
"416","Michael Ruffin",32,"F",254,-1.3537396909128,"CHI"
"417","Dominic McGuire",47,"F",255,-1.35632405594947,"WAS"
"418","Darius Miller",46,"F",256,-1.43530162646441,"NOH"
"419","Kenyon Martin",1,"F",257,-1.43532444834248,"NJN"
"420","Quincy Pondexter",26,"F",258,-1.44524716246311,"OKC"
"421","Jarnell Stokes",35,"F",259,-1.4580654178662,"UTA"
"422","Joey Graham",16,"F",260,-1.4763789526514,"TOR"
"423","Victor Claver",22,"F",261,-1.47892059320071,"POR"
"424","Austin Daye",15,"F",262,-1.48129506019971,"DET"
"425","Bruno Caboclo",20,"F",263,-1.48646615722694,"TOR"
"426","Rodney Carney",16,"F",264,-1.50078737235968,"CHI"
"427","Yi Jianlian",6,"F",265,-1.50121547628173,"MIL"
"428","Jarvis Hayes",10,"F",266,-1.51960272855641,"WAS"
"429","Jon Leuer",40,"F",267,-1.52016750410498,"MIL"
"430","Renaldo Balkman",20,"F",268,-1.52882365103351,"NYK"
"431","Jeremy Tyler",39,"F",269,-1.57307715556769,"CHA"
"432","Hilton Armstrong",12,"F",270,-1.58574369723361,"NOH"
"433","Frank Kaminsky",9,"F",271,-1.58864927843175,"CHA"
"434","Johnny Taylor",17,"F",272,-1.61028023773244,"ORL"
"435","Stanley Johnson",8,"F",273,-1.61241370489713,"DET"
"436","Brandan Wright",8,"F",274,-1.62000556865223,"CHA"
"437","Drew Gooden",4,"F",275,-1.63023005656757,"MEM"
"438","Josh Harrellson",45,"F",276,-1.63538845411104,"NOH"
"439","Justin Harper",32,"F",277,-1.63572168454361,"CLE"
"440","Sean Williams",17,"F",278,-1.64116903359963,"NJN"
"441","Michael Kidd-Gilchrist",2,"F",279,-1.65132654212392,"CHA"
"442","Brian Evans",27,"F",280,-1.66529920397283,"ORL"
"443","Charlie Villanueva",7,"F",281,-1.68009106573022,"TOR"
"444","Zarko Cabarkapa",17,"F",282,-1.68562158276206,"PHO"
"445","Luke Babbitt",16,"F",283,-1.69791253208682,"MIN"
"446","Glenn Robinson III",40,"F",284,-1.70338990209666,"MIN"
"447","Chris Singleton",18,"F",285,-1.74430803938078,"WAS"
"448","Pape Sow",47,"F",286,-1.751319577062,"MIA"
"449","David Vaughn",25,"F",287,-1.75841888704295,"ORL"
"450","Corey Brewer",7,"F",288,-1.81191881084911,"MIN"
"451","Jamal Sampson",47,"F",289,-1.8344404671152,"UTA"
"452","Adreian Payne",15,"F",290,-1.83942224371785,"ATL"
"453","Derrick Williams",2,"F",291,-1.85438454575478,"MIN"
"454","Devin Ebanks",43,"F",292,-1.87501284988092,"LAL"
"455","Jon Brockman",38,"F",293,-1.87649832653685,"POR"
"456","Donny Marshall",39,"F",294,-1.91993369799314,"CLE"
"457","Mark Hendrickson",31,"F",295,-1.92019220366545,"PHI"
"458","Thabo Sefolosha",13,"F",296,-1.93387123958837,"PHI"
"459","Stromile Swift",2,"F",297,-1.93568851475097,"MEM"
"460","Derrick Brown",40,"F",298,-1.93701201959285,"CHA"
"461","Jeff Foster",21,"F",299,-1.96011968397596,"GSW"
"462","Earl Clark",14,"F",300,-1.99050594950986,"PHO"
"463","Damion James",24,"F",301,-1.99372607978804,"ATL"
"464","Michael Bradley",17,"F",302,-1.99845732200319,"TOR"
"465","Oleksiy Pecherov",18,"F",303,-2.00153256217966,"WAS"
"466","DerMarr Johnson",6,"F",304,-2.0116308430699,"ATL"
"467","Tyler Hansbrough",13,"F",305,-2.05850052973094,"IND"
"468","Derrick Favors",3,"F",306,-2.06571515919131,"NJN"
"469","Darius Miles",3,"F",307,-2.07407942296953,"LAC"
"470","Jeff Ayres",31,"F",308,-2.0862585662586,"SAC"
"471","Marcus Fizer",4,"F",309,-2.10905525048348,"CHI"
"472","Cal Bowdler",17,"F",310,-2.11125073859751,"ATL"
"473","Justin Anderson",21,"F",311,-2.11930619601782,"DAL"
"474","Maurice Ager",28,"F",312,-2.13736468005137,"DAL"
"475","Ryan Humphrey",19,"F",313,-2.13803942216144,"UTA"
"476","Joe Smith",1,"F",314,-2.14460331264961,"GSW"
"477","Dan Langhi",31,"F",315,-2.15232151447913,"DAL"
"478","Otto Porter Jr.",3,"F",316,-2.15604081642702,"WAS"
"479","Jerome Moiso",11,"F",317,-2.1578440209636,"BOS"
"480","Tim James",25,"F",318,-2.16317474467445,"MIA"
"481","Lorenzen Wright",7,"F",319,-2.16713467680353,"LAC"
"482","Mario Hezonja",5,"F",320,-2.19902503572834,"ORL"
"483","Robert Traylor",6,"F",321,-2.30914060526857,"DAL"
"484","Cody Zeller",4,"F",322,-2.34886754654262,"CHA"
"485","Rodney White",9,"F",323,-2.3633142613446,"DET"
"486","Cedric Simmons",15,"F",324,-2.41872238368157,"NOH"
"487","Justin Reed",40,"F",325,-2.48818184887382,"BOS"
"488","Ben Davis",43,"F",326,-2.54367985573667,"PHO"
"489","Tyrus Thomas",4,"F",327,-2.5530040846873,"POR"
"490","Qyntel Woods",21,"F",328,-2.55833164377076,"POR"
"491","Jan Vesely",6,"F",329,-2.66142940344994,"WAS"
"492","Julian Wright",13,"F",330,-2.68513864910435,"NOH"
"493","Wesley Johnson",4,"F",331,-2.76425848944455,"MIN"
"494","Samaki Walker",9,"F",332,-2.77915832732308,"DAL"
"495","Jonathan Bender",5,"F",333,-2.80804931593421,"TOR"
"496","Thomas Robinson",5,"F",334,-2.84873213420715,"SAC"
"497","Ike Diogu",9,"F",335,-2.87041406093716,"GSW"
"498","Noah Vonleh",9,"F",336,-2.90921414086963,"CHA"
"499","Luke Jackson",10,"F",337,-2.92881920344003,"CLE"
"500","Marcus Haislip",13,"F",338,-3.03167458907367,"MIL"
"501","Adam Morrison",3,"F",339,-3.10133080082821,"CHA"
"502","Nikoloz Tskitishvili",5,"F",340,-3.45258321736671,"DEN"
"503","Anthony Bennett",1,"F",341,-4.16275764999368,"CLE"
"504","Damian Lillard",6,"G",1,7.28812677203536,"POR"
"505","Kobe Bryant",13,"G",2,6.97247912502177,"CHA"
"506","Devin Booker",13,"G",3,6.59960004921487,"PHO"
"507","Stephen Curry",7,"G",4,6.35344576124392,"GSW"
"508","Gilbert Arenas",31,"G",5,6.25749448933812,"GSW"
"509","Allen Iverson",1,"G",6,6.10643537949685,"PHI"
"510","James Harden",3,"G",7,5.72124006121865,"OKC"
"511","Dwyane Wade",5,"G",8,5.5221525778622,"MIA"
"512","Russell Westbrook",4,"G",9,5.45659060894986,"OKC"
"513","Zach LaVine",13,"G",10,5.0795346653764,"MIN"
"514","Michael Redd",43,"G",11,5.06753129368139,"MIL"
"515","Klay Thompson",11,"G",12,5.05748091401208,"GSW"
"516","Kyrie Irving",1,"G",13,4.96880763986122,"CLE"
"517","DeMar DeRozan",9,"G",14,4.82322067355172,"TOR"
"518","Jrue Holiday",17,"G",15,4.76433468602888,"PHI"
"519","Brandon Roy",6,"G",16,4.61000549132201,"MIN"
"520","Tracy McGrady",9,"G",17,4.53060344165932,"TOR"
"521","Monta Ellis",40,"G",18,4.50813252831506,"GSW"
"522","Tony Parker",28,"G",19,4.50747387112815,"SAS"
"523","CJ McCollum",10,"G",20,4.49839148362054,"POR"
"524","Kevin Martin",26,"G",21,4.43515852838183,"SAC"
"525","Steve Francis",2,"G",22,4.32078637332444,"MEM"
"526","Steve Nash",15,"G",23,4.25144018450648,"PHO"
"527","Kemba Walker",9,"G",24,4.23916471593354,"CHA"
"528","Stephon Marbury",4,"G",25,3.98323632604706,"MIL"
"529","Bradley Beal",3,"G",26,3.9393918364289,"WAS"
"530","Ray Allen",5,"G",27,3.83320639774617,"MIN"
"531","John Wall",1,"G",28,3.82127861505707,"WAS"
"532","Chris Paul",4,"G",29,3.74208345663503,"NOH"
"533","Kyle Lowry",24,"G",30,3.71341343012295,"MEM"
"534","Spencer Dinwiddie",38,"G",31,3.66373046273032,"DET"
"535","Mo Williams",47,"G",32,3.63026002562878,"UTA"
"536","D'Angelo Russell",2,"G",33,3.58671923926374,"LAL"
"537","Goran Dragic",45,"G",34,3.55442013274141,"SAS"
"538","Eric Bledsoe",18,"G",35,3.54897156235192,"OKC"
"539","Jordan Clarkson",46,"G",36,3.54483396573184,"WAS"
"540","Bogdan Bogdanovic",27,"G",37,3.53758923977999,"PHO"
"541","Cuttino Mobley",41,"G",38,3.53490694844515,"HOU"
"542","Lou Williams",45,"G",39,3.39265200203098,"PHI"
"543","Victor Oladipo",2,"G",40,3.32012998068619,"ORL"
"544","Michael Dickerson",14,"G",41,3.28781502352065,"HOU"
"545","Terry Rozier",16,"G",42,3.28673996711952,"BOS"
"546","Michael Finley",21,"G",43,3.26465579919269,"PHO"
"547","Isaiah Thomas",60,"G",44,3.24989916175254,"SAC"
"548","Joe Johnson",10,"G",45,3.24082203731935,"BOS"
"549","Jason Richardson",5,"G",46,3.2228416339115,"GSW"
"550","Ty Lawson",18,"G",47,3.18556718363597,"MIN"
"551","Jeff Teague",19,"G",48,3.16927437550103,"ATL"
"552","Vince Carter",5,"G",49,3.04846511500151,"GSW"
"553","Evan Fournier",20,"G",50,3.04688595402621,"DEN"
"554","Shawn Marion",9,"G",51,3.01732418563062,"PHO"
"555","Manu Ginobili",57,"G",52,2.78413425031822,"SAS"
"556","Jarrett Jack",22,"G",53,2.77371363467204,"DEN"
"557","Larry Hughes",8,"G",54,2.74968966920175,"PHI"
"558","Jameer Nelson",20,"G",55,2.74304107406728,"DEN"
"559","Brandon Jennings",10,"G",56,2.7362738308181,"MIL"
"560","Rodney Stuckey",15,"G",57,2.69421732269138,"DET"
"561","Richard Hamilton",7,"G",58,2.69327921569482,"WAS"
"562","Andre Miller",8,"G",59,2.69254240872584,"CLE"
"563","Joe Harris",33,"G",60,2.67656522240602,"CLE"
"564","Bonzi Wells",11,"G",61,2.63677130114918,"DET"
"565","Kerry Kittles",8,"G",62,2.63406019020796,"NJN"
"566","Brandon Knight",8,"G",63,2.62647571365365,"DET"
"567","Jamal Crawford",8,"G",64,2.61420390382244,"CLE"
"568","Deron Williams",3,"G",65,2.57569074872614,"UTA"
"569","Jordan Crawford",27,"G",66,2.57079471341968,"NJN"
"570","Tim Hardaway Jr.",24,"G",67,2.56282343310972,"NYK"
"571","Mike Bibby",2,"G",68,2.54249614253645,"MEM"
"572","Desmond Mason",17,"G",69,2.53282277144378,"OKC"
"573","Gerald Henderson",12,"G",70,2.52814764864271,"CHA"
"574","Rafer Alston",39,"G",71,2.50874951718344,"MIL"
"575","Baron Davis",3,"G",72,2.50687542044681,"CHA"
"576","Nicolas Batum",25,"G",73,2.47583233094994,"HOU"
"577","Kyle Korver",51,"G",74,2.47037850419277,"NJN"
"578","Reggie Jackson",24,"G",75,2.46591771187968,"OKC"
"579","Tyreke Evans",4,"G",76,2.4366896288092,"SAC"
"580","Jeff McInnis",37,"G",77,2.43578583934451,"DEN"
"581","J.R. Smith",18,"G",78,2.41026943963361,"NOH"
"582","Derrick Rose",1,"G",79,2.39952732617898,"CHI"
"583","Wally Szczerbiak",6,"G",80,2.39614785261644,"MIN"
"584","Tony Wroten",25,"G",81,2.39028219098391,"MEM"
"585","JJ Redick",11,"G",82,2.38607428010157,"ORL"
"586","Michael Carter-Williams",11,"G",83,2.33065512907908,"PHI"
"587","Alec Burks",12,"G",84,2.31277202530896,"UTA"
"588","Darren Collison",21,"G",85,2.20533631640713,"NOH"
"589","Ramon Sessions",56,"G",86,2.18578954220086,"MIL"
"590","Mario Chalmers",34,"G",87,2.18244057514409,"MIN"
"591","Norman Powell",46,"G",88,2.1635724159725,"MIL"
"592","Jeremy Lamb",12,"G",89,2.14920272367857,"HOU"
"593","George Hill",26,"G",90,2.10120458479414,"SAS"
"594","Rajon Rondo",21,"G",91,2.0813600791832,"PHO"
"595","Marcus Morris",14,"G",92,2.07044811942734,"HOU"
"596","Avery Bradley",19,"G",93,2.03524816801385,"BOS"
"597","Jason Terry",10,"G",94,2.00675468672361,"ATL"
"598","T.J. Ford",8,"G",95,1.9771828984283,"MIL"
"599","Leandro Barbosa",28,"G",96,1.95613162707643,"SAS"
"600","Greivis Vasquez",28,"G",97,1.94698698955978,"MEM"
"601","Damon Stoudamire",7,"G",98,1.93870369730258,"TOR"
"602","Patrick Beverley",42,"G",99,1.93502640844382,"LAL"
"603","Jamaal Tinsley",27,"G",100,1.91509941804551,"MEM"
"604","Arron Afflalo",27,"G",101,1.89460147480172,"DET"
"605","Will Barton",40,"G",102,1.81667294165613,"POR"
"606","Speedy Claxton",20,"G",103,1.80421517597245,"PHI"
"607","Eric Gordon",7,"G",104,1.79995576519133,"LAC"
"608","Courtney Lee",22,"G",105,1.77213008698935,"ORL"
"609","Gary Harris",19,"G",106,1.76618354270692,"CHI"
"610","Alvin Williams",48,"G",107,1.76169911151968,"POR"
"611","Josh Richardson",40,"G",108,1.75323548759862,"MIA"
"612","Mike Conley",4,"G",109,1.74284888468716,"MEM"
"613","Patty Mills",55,"G",110,1.72317923399118,"POR"
"614","Marko Jaric",30,"G",111,1.68194601179235,"LAC"
"615","Toney Douglas",29,"G",112,1.67162961048794,"LAL"
"616","Bobby Jackson",23,"G",113,1.6698402873269,"OKC"
"617","Tomas Satoransky",32,"G",114,1.66739101937014,"WAS"
"618","Ricky Rubio",5,"G",115,1.66217093058019,"MIN"
"619","Rodney Hood",23,"G",116,1.65148560914297,"UTA"
"620","Shandon Anderson",54,"G",117,1.63646015206124,"UTA"
"621","Chauncey Billups",3,"G",118,1.62443650552995,"BOS"
"622","Derek Anderson",13,"G",119,1.60938792719848,"CLE"
"623","Aaron Brooks",26,"G",120,1.57550508102228,"HOU"
"624","Nick Young",16,"G",121,1.55577521712267,"WAS"
"625","Cory Joseph",29,"G",122,1.50134762715313,"SAS"
"626","Andrew Harrison",44,"G",123,1.49999621596551,"PHO"
"627","Marcus Smart",6,"G",124,1.49846622920418,"BOS"
"628","Delonte West",24,"G",125,1.49471067610918,"BOS"
"629","Bob Sura",17,"G",126,1.49272078391105,"CLE"
"630","Brent Barry",15,"G",127,1.46645678302124,"DEN"
"631","E'Twaun Moore",55,"G",128,1.43773098521177,"BOS"
"632","Beno Udrih",28,"G",129,1.40405784475454,"SAS"
"633","Isaiah Canaan",34,"G",130,1.39963711853422,"HOU"
"634","Elfrid Payton",10,"G",131,1.36105742788429,"PHI"
"635","Andre Iguodala",9,"G",132,1.32349716834969,"PHI"
"636","Luke Ridnour",14,"G",133,1.30930446584616,"OKC"
"637","Jordan McRae",58,"G",134,1.30017944229541,"SAS"
"638","Carlos Delfino",25,"G",135,1.26212094029742,"DET"
"639","Kentavious Caldwell-Pope",8,"G",136,1.24112408592867,"DET"
"640","Tyus Edney",47,"G",137,1.223069639001,"SAC"
"641","Tony Allen",25,"G",138,1.20971568601773,"BOS"
"642","Raymond Felton",5,"G",139,1.18805502144642,"CHA"
"643","Nate Robinson",21,"G",140,1.18745451206122,"PHO"
"644","Eddie House",37,"G",141,1.17451127250569,"MIA"
"645","Marco Belinelli",18,"G",142,1.15169104789984,"GSW"
"646","Brevin Knight",16,"G",143,1.13015032571992,"CLE"
"647","A.J. Price",52,"G",144,1.11828611749602,"IND"
"648","Fred Hoiberg",52,"G",145,1.11208363927317,"IND"
"649","Shelvin Mack",34,"G",146,1.09419507252407,"WAS"
"650","Gerald Green",18,"G",147,1.08486290277489,"BOS"
"651","Daniel Gibson",42,"G",148,1.07973598123766,"CLE"
"652","Tyronn Lue",23,"G",149,1.06563183458406,"DEN"
"653","Ray McCallum",36,"G",150,1.03285035307817,"SAC"
"654","Chris Duhon",38,"G",151,1.02675720743047,"CHI"
"655","Allen Crabbe",31,"G",152,1.02493406774983,"CLE"
"656","Terrence Ross",8,"G",153,1.02046868253735,"TOR"
"657","Morris Peterson",21,"G",154,1.01465577282032,"TOR"
"658","Tony Delk",16,"G",155,0.977654370490199,"CHA"
"659","Jerryd Bayless",11,"G",156,0.976025581498599,"IND"
"660","Eric Snow",43,"G",157,0.963263324345741,"MIL"
"661","Dion Glover",20,"G",158,0.956845557873283,"ATL"
"662","Archie Goodwin",29,"G",159,0.934828445605198,"OKC"
"663","Landry Fields",39,"G",160,0.930901079010957,"NYK"
"664","Steve Blake",38,"G",161,0.915174674078553,"WAS"
"665","Rudy Fernandez",24,"G",162,0.897682700279548,"PHO"
"666","Lawrence Moten",36,"G",163,0.897120950308611,"MEM"
"667","MarShon Brooks",25,"G",164,0.895714166139072,"BOS"
"668","Rashad McCants",14,"G",165,0.894253176724321,"MIN"
"669","Cory Alexander",29,"G",166,0.878726870935303,"SAS"
"670","Ben Gordon",3,"G",167,0.875710406749896,"CHI"
"671","Jordan Farmar",26,"G",168,0.867048275530692,"LAL"
"672","Travis Best",23,"G",169,0.859903610637338,"IND"
"673","Greg Buckner",53,"G",170,0.844036927956473,"DAL"
"674","Nene",7,"G",171,0.832384900924892,"NYK"
"675","Moochie Norris",33,"G",172,0.829173263941155,"MIL"
"676","Wayne Ellington",28,"G",173,0.820890170984333,"MIN"
"677","Francisco Garcia",23,"G",174,0.769046236185072,"SAC"
"678","Juan Dixon",17,"G",175,0.768525934335324,"WAS"
"679","Dion Waiters",4,"G",176,0.750048974448991,"CLE"
"680","Norris Cole",28,"G",177,0.745485883472424,"CHI"
"681","Tyus Jones",24,"G",178,0.740359925928693,"CLE"
"682","Delon Wright",20,"G",179,0.722807530376939,"TOR"
"683","Danny Green",46,"G",180,0.708871855094856,"CLE"
"684","Kirk Hinrich",7,"G",181,0.706604977571138,"CHI"
"685","Derek Fisher",24,"G",182,0.703705490370181,"LAL"
"686","Jason Hart",49,"G",183,0.696617379875895,"MIL"
"687","Gordan Giricek",40,"G",184,0.695975748076626,"DAL"
"688","Rodrigue Beaubois",25,"G",185,0.683715640292847,"OKC"
"689","O.J. Mayo",3,"G",186,0.679868745487779,"MIN"
"690","Shannon Brown",25,"G",187,0.67034920324107,"CLE"
"691","Devin Harris",5,"G",188,0.651599751196103,"WAS"
"692","Mike Miller",5,"G",189,0.65086905571291,"ORL"
"693","Jason Williams",7,"G",190,0.64558001844934,"SAC"
"694","Terrence Williams",11,"G",191,0.645346769765535,"NJN"
"695","Iman Shumpert",17,"G",192,0.602062029979196,"NYK"
"696","Shammond Williams",34,"G",193,0.601680477863463,"CHI"
"697","Evan Turner",2,"G",194,0.580307220398183,"PHI"
"698","Vonteego Cummings",26,"G",195,0.549800273298734,"IND"
"699","Markel Brown",44,"G",196,0.544210544537412,"MIN"
"700","Anthony Parker",21,"G",197,0.531734610282796,"NJN"
"701","James Jones",49,"G",198,0.531672754560582,"IND"
"702","Luther Head",24,"G",199,0.530651552340358,"HOU"
"703","Jonny Flynn",6,"G",200,0.513943281494517,"MIN"
"704","Emmanuel Mudiay",7,"G",201,0.485679256278959,"DEN"
"705","Shabazz Muhammad",14,"G",202,0.474382945527787,"UTA"
"706","Cameron Payne",14,"G",203,0.450052789466568,"OKC"
"707","Jodie Meeks",41,"G",204,0.435412100344715,"MIL"
"708","Lester Hudson",58,"G",205,0.381273450979185,"BOS"
"709","A.J. Guyton",32,"G",206,0.371956377904445,"CHI"
"710","Salim Stoudamire",31,"G",207,0.329975980212807,"ATL"
"711","Marcus Williams",22,"G",208,0.31412424416117,"NJN"
"712","Jerian Grant",19,"G",209,0.308347484171665,"WAS"
"713","Nate Wolters",38,"G",210,0.276654190389948,"WAS"
"714","Fred Jones",14,"G",211,0.21704977217268,"IND"
"715","Chris Carr",56,"G",212,0.194082466227844,"PHO"
"716","Dan Dickau",28,"G",213,0.155736169667942,"SAC"
"717","Alex Abrines",32,"G",214,0.138568473993419,"OKC"
"718","Raul Neto",47,"G",215,0.133709432840801,"ATL"
"719","Dajuan Wagner",6,"G",216,0.132168773035531,"CLE"
"720","Shabazz Napier",24,"G",217,0.127229568929124,"CHA"
"721","Mardy Collins",29,"G",218,0.123248079650107,"NYK"
"722","Keith Bogans",43,"G",219,0.0939953706672099,"MIL"
"723","Earl Watson",40,"G",220,0.0737633772721442,"OKC"
"724","Willie Green",41,"G",221,0.0714433799689811,"OKC"
"725","D.J. Augustin",9,"G",222,0.00150358817769547,"CHA"
"726","Tony Snell",20,"G",223,-0.0187343254968919,"CHI"
"727","Randy Foye",7,"G",224,-0.0260732986073604,"BOS"
"728","Lorenzo Brown",52,"G",225,-0.0269939446432226,"MIN"
"729","Kyle Weaver",38,"G",226,-0.0331298322885689,"CHA"
"730","Jordan Hamilton",26,"G",227,-0.0386911105253267,"DAL"
"731","Mark Davis",48,"G",228,-0.0406001103997151,"MIN"
"732","Kareem Rush",20,"G",229,-0.0425922650258737,"TOR"
"733","Courtney Alexander",13,"G",230,-0.0978726874694997,"ORL"
"734","Derrick Dial",52,"G",231,-0.107029512672049,"SAS"
"735","Trey Burke",9,"G",232,-0.11023416343711,"MIN"
"736","James Anderson",20,"G",233,-0.11980493448121,"SAS"
"737","Casey Jacobsen",22,"G",234,-0.129807706581595,"PHO"
"738","Travis Diener",38,"G",235,-0.139747505114259,"ORL"
"739","Shane Larkin",18,"G",236,-0.167153323402114,"ATL"
"740","Roger Mason",31,"G",237,-0.167316283327603,"CHI"
"741","Austin Rivers",10,"G",238,-0.179884679914349,"NOH"
"742","Corey Benjamin",28,"G",239,-0.189258915511462,"CHI"
"743","Mike Dunleavy",3,"G",240,-0.19928268214784,"GSW"
"744","Sergio Rodriguez",27,"G",241,-0.20016745470761,"PHO"
"745","Andre Roberson",26,"G",242,-0.266209503682506,"MIN"
"746","Jeff Taylor",31,"G",243,-0.297303833236896,"CHA"
"747","Orien Greene",53,"G",244,-0.333423131971984,"BOS"
"748","Sebastian Telfair",13,"G",245,-0.337071580258857,"POR"
"749","Von Wafer",39,"G",246,-0.338206017309516,"LAL"
"750","Elliot Williams",22,"G",247,-0.344491269114835,"POR"
"751","Chris Douglas-Roberts",40,"G",248,-0.345891404693918,"NJN"
"752","Sasha Vujacic",27,"G",249,-0.376606586382865,"LAL"
"753","Orlando Johnson",36,"G",250,-0.381627311150786,"SAC"
"754","Dahntay Jones",20,"G",251,-0.445366570293384,"BOS"
"755","Bernard Robinson",45,"G",252,-0.453822515824467,"CHA"
"756","Pat Connaughton",41,"G",253,-0.481294787364182,"NJN"
"757","Randy Livingston",42,"G",254,-0.499226901469584,"HOU"
"758","Josh Huestis",29,"G",255,-0.513097814642557,"OKC"
"759","Sasha Pavlovic",19,"G",256,-0.533254496930093,"UTA"
"760","Felipe Lopez",24,"G",257,-0.546285167205652,"SAS"
"761","Eric Maynor",20,"G",258,-0.548908795339536,"UTA"
"762","Jacque Vaughn",27,"G",259,-0.553810343140469,"UTA"
"763","Jeff Trepagnier",36,"G",260,-0.557046809477325,"CLE"
"764","Trajan Langdon",11,"G",261,-0.5590358214936,"CLE"
"765","Royal Ivey",37,"G",262,-0.585546991959651,"ATL"
"766","Marquis Teague",29,"G",263,-0.613837158488315,"CHI"
"767","DeAndre Liggins",53,"G",264,-0.614289843698523,"ORL"
"768","Anthony Johnson",40,"G",265,-0.621759129493479,"SAC"
"769","Tamar Slay",54,"G",266,-0.667677146406748,"NJN"
"770","Nik Stauskas",8,"G",267,-0.674447645357744,"SAC"
"771","John Jenkins",23,"G",268,-0.69100337941551,"ATL"
"772","Zoran Planinic",22,"G",269,-0.740402937564793,"NJN"
"773","Brandon Rush",13,"G",270,-0.770823868414263,"POR"
"774","Rodrick Rhodes",24,"G",271,-0.810813941466764,"HOU"
"775","Keyon Dooling",10,"G",272,-0.83414839005935,"ORL"
"776","Ben McLemore",7,"G",273,-0.841764445456982,"SAC"
"777","Damone Brown",37,"G",274,-0.848997658329885,"PHI"
"778","Laron Profit",38,"G",275,-0.892491236271059,"ORL"
"779","Malcolm Lee",43,"G",276,-0.907062751495038,"CHI"
"780","Bryce Drew",16,"G",277,-0.920507099104456,"HOU"
"781","Tyler Ennis",18,"G",278,-0.955519541143109,"PHO"
"782","Kendall Marshall",13,"G",279,-0.961011485377258,"PHO"
"783","Dominique Jones",25,"G",280,-0.965258051299272,"MEM"
"784","Daequan Cook",21,"G",281,-0.968290060373908,"PHI"
"785","Quincy Douby",19,"G",282,-0.987511292346782,"SAC"
"786","Sam Jacobson",26,"G",283,-1.00567218640161,"LAL"
"787","Perry Jones",28,"G",284,-1.04486347948835,"OKC"
"788","Frank Williams",25,"G",285,-1.08659070763634,"DEN"
"789","Acie Law",11,"G",286,-1.12130835358147,"ATL"
"790","Darrun Hilliard",38,"G",287,-1.12997316501326,"DET"
"791","Kedrick Brown",11,"G",288,-1.13783638613893,"BOS"
"792","Quincy Lewis",19,"G",289,-1.14846141776809,"UTA"
"793","Marcus Banks",13,"G",290,-1.16312197833502,"MEM"
"794","Morris Almond",25,"G",291,-1.27675445933563,"UTA"
"795","Antonio Daniels",4,"G",292,-1.2978183705704,"MEM"
"796","Sergey Karasev",19,"G",293,-1.30129304707168,"CLE"
"797","Lavor Postell",39,"G",294,-1.3024799813248,"NYK"
"798","R.J. Hunter",28,"G",295,-1.33560342172221,"BOS"
"799","Joe Young",43,"G",296,-1.35673916974133,"IND"
"800","Dante Exum",5,"G",297,-1.41342425253742,"UTA"
"801","Jimmer Fredette",10,"G",298,-1.41917238561026,"MIL"
"802","Mateen Cleaves",14,"G",299,-1.5416751217236,"DET"
"803","Shawn Respert",8,"G",300,-1.56094826682698,"POR"
"804","Rashad Vaughn",17,"G",301,-1.58224055258208,"MIL"
"805","Shaun Livingston",4,"G",302,-1.72393800284557,"LAC"
"806","James White",31,"G",303,-1.76998245669764,"POR"
"807","C.J. Wilcox",28,"G",304,-1.77485874513417,"LAC"
"808","Andrew Goudelock",46,"G",305,-1.77894304424331,"LAL"
"809","Darius Morris",41,"G",306,-1.91718913939199,"LAL"
"810","James Young",17,"G",307,-1.92426500370555,"BOS"
"811","Brandon Armstrong",23,"G",308,-1.9824351116381,"HOU"
"812","William Avery",14,"G",309,-2.01350822490066,"MIN"
"813","Drew Barry",57,"G",310,-2.10514642894775,"OKC"
"814","Reece Gaines",15,"G",311,-2.2412170920201,"ORL"
"815","Jared Cunningham",24,"G",312,-2.24901306611567,"CLE"
"816","Jamison Brewer",41,"G",313,-2.63580207040792,"IND"
